COUNTRY,ISO3,WHO_REGION,DATA_SOURCE,DATE_UPDATED,TOTAL_VACCINATIONS,PERSONS_VACCINATED_1PLUS_DOSE,TOTAL_VACCINATIONS_PER100,PERSONS_VACCINATED_1PLUS_DOSE_PER100,PERSONS_FULLY_VACCINATED,PERSONS_FULLY_VACCINATED_PER100,VACCINES_USED,FIRST_VACCINE_DATE,NUMBER_VACCINES_TYPES_USED,PERSONS_BOOSTER_ADD_DOSE,PERSONS_BOOSTER_ADD_DOSE_PER100
Afghanistan,AFG,EMRO,REPORTING,2023-03-21,16482384,14444587,42.34,37.106,13730545,35.271,"AstraZeneca - Vaxzevria,Beijing CNBG - BBIBP-CorV,Bharat - Covaxin,CanSino - Convidecia,Gamaleya - Gam-Covid-Vac,Gamaleya - Sputnik-Light,Janssen - Ad26.COV 2-S,Moderna - Spikevax,Pfizer BioNTech - Comirnaty,SII - Covishield,Sinovac - CoronaVac",2021-02-22,11,1012162,2.6
Albania,ALB,EURO,REPORTING,2023-03-19,3070468,1347054,106.7,47.332,1276432,44.851,"AstraZeneca - Vaxzevria,Gamaleya - Gam-Covid-Vac,Pfizer BioNTech - Comirnaty,SII - Covishield,Sinovac - CoronaVac",2021-01-13,5,395384,13.893
Algeria,DZA,AFRO,REPORTING,2022-09-04,15267442,7840131,34.817,17.879,6481186,14.78,"Beijing CNBG - BBIBP-CorV,Gamaleya - Gam-Covid-Vac,SII - Covishield,Sinovac - CoronaVac",2021-01-30,4,575651,1.313
American Samoa,ASM,WPRO,REPORTING,2022-09-26,111316,44671,201.67,80.93,42547,77.082,"Janssen - Ad26.COV 2-S,Moderna - Spikevax,Pfizer BioNTech - Comirnaty",2020-12-21,3,24160,43.77
Andorra,AND,EURO,REPORTING,2023-02-26,156957,57904,203.1,76.012,53492,70.221,"AstraZeneca - Vaxzevria,Moderna - Spikevax,Pfizer BioNTech - Comirnaty",2021-01-20,3,43060,56.526
Angola,AGO,AFRO,REPORTING,2023-03-19,24798317,15477545,75.452,47.092,8610500,26.199,SII - Covishield,2021-03-10,1,1842388,5.606
Anguilla,AIA,AMRO,REPORTING,2023-03-10,24604,10854,164.005,72.35,10380,69.191,"AstraZeneca - Vaxzevria,Pfizer BioNTech - Comirnaty",2021-02-05,2,3046,20.304
Antigua and Barbuda,ATG,AMRO,REPORTING,2023-03-10,136512,64290,139.399,65.65,62384,63.703,"AstraZeneca - Vaxzevria,Beijing CNBG - BBIBP-CorV,Gamaleya - Gam-Covid-Vac,Janssen - Ad26.COV 2-S,Pfizer BioNTech - Comirnaty,SII - Covishield",2021-03-01,6,9838,10.046
Argentina,ARG,AMRO,REPORTING,2022-10-07,109652736,41324100,242.617,91.434,37840119,83.725,"AstraZeneca - Vaxzevria,Beijing CNBG - BBIBP-CorV,CanSino - Convidecia,Gamaleya - Gam-Covid-Vac,Moderna - Spikevax,Pfizer BioNTech - Comirnaty,SII - Covishield",2020-12-29,7,30810184,68.17
Armenia,ARM,EURO,REPORTING,2023-03-05,2153341,1130844,72.7,38.162,986762,33.3,"AstraZeneca - Vaxzevria,Beijing CNBG - BBIBP-CorV,Gamaleya - Gam-Covid-Vac,Gamaleya - Sputnik-Light,Moderna - Spikevax,Pfizer BioNTech - Comirnaty,Sinovac - CoronaVac,Wuhan CNBG - Inactivated",2021-06-16,8,41824,1.411
Aruba,ABW,AMRO,REPORTING,2023-03-10,216673,90306,202.942,84.583,84139,78.807,"Janssen - Ad26.COV 2-S,Pfizer BioNTech - Comirnaty",2021-02-17,2,35659,33.399
Australia,AUS,WPRO,REPORTING,2023-02-22,64862790,22235135,254.365,87.197,21652146,84.911,"AstraZeneca - Vaxzevria,Janssen - Ad26.COV 2-S,Moderna - Spikevax,Novavax-NUVAXOVID,Pfizer BioNTech - Comirnaty",2021-02-21,5,14355499,56.296
Austria,AUT,EURO,REPORTING,2023-03-19,20391629,6899073,229.1,77.617,6681440,75.063,"AstraZeneca - Vaxzevria,Janssen - Ad26.COV 2-S,Moderna - Spikevax,Moderna – Spikevax Bivalent Original/Omicron BA.1,Novavax-NUVAXOVID,Pfizer BioNTech - Comirnaty,Pfizer BioNTech - Comirnaty Bivalent Original/Omicron BA.1,Pfizer BioNTech - Comirnaty Bivalent Original/Omicron BA.4/BA.5,Unknown Vaccine,Valneva - VLA2001",2020-12-30,10,5404258,60.715
Azerbaijan,AZE,EURO,REPORTING,2023-03-19,13812050,5428492,136.2,53.54,4883183,48.162,"AstraZeneca - Vaxzevria,Gamaleya - Gam-Covid-Vac,Gamaleya - Sputnik-Light,Pfizer BioNTech - Comirnaty,Sinovac - CoronaVac",2021-01-20,5,3500377,34.523
Bahamas,BHS,AMRO,REPORTING,2023-03-10,364701,174147,92.742,44.285,165633,42.12,"AstraZeneca - Vaxzevria,Janssen - Ad26.COV 2-S,Pfizer BioNTech - Comirnaty,SII - Covishield",2021-03-14,4,33585,8.54
Bahrain,BHR,EMRO,REPORTING,2022-12-21,3476633,1241174,204.319,72.943,1226796,72.098,"AstraZeneca - Vaxzevria,Beijing CNBG - BBIBP-CorV,Bharat - Covaxin,CanSino - Convidecia,Gamaleya - Gam-Covid-Vac,Gamaleya - Sputnik-Light,Janssen - Ad26.COV 2-S,Moderna - Spikevax,Pfizer BioNTech - Comirnaty,SII - Covishield,Sinovac - CoronaVac",2020-11-04,11,1008663,59.278
Bangladesh,BGD,SEARO,REPORTING,2023-03-21,357316472,151265640,216.964,91.849,138642907,84.184,"AstraZeneca - Vaxzevria,Beijing CNBG - BBIBP-CorV,Gamaleya - Gam-Covid-Vac,Janssen - Ad26.COV 2-S,Moderna - Spikevax,Pfizer BioNTech - Comirnaty,SII - Covishield,Sinovac - CoronaVac",2021-01-27,8,67407925,40.93
Barbados,BRB,AMRO,REPORTING,2023-03-10,381662,163833,132.81,57.01,155010,53.94,"AstraZeneca - Vaxzevria,Beijing CNBG - BBIBP-CorV,Janssen - Ad26.COV 2-S,Pfizer BioNTech - Comirnaty,SII - Covishield",2021-01-08,5,62819,21.86
Belarus,BLR,EURO,REPORTING,2023-02-05,19287182,6536392,204.1,69.173,6414996,67.888,"Beijing CNBG - BBIBP-CorV,Chumakov - Covi-Vac,Gamaleya - Gam-Covid-Vac,Gamaleya - Sputnik-Light",2021-02-03,4,5646568,59.756
Belgium,BEL,EURO,REPORTING,2023-03-19,29115074,9254133,252.7,80.314,9157915,79.479,"AstraZeneca - Vaxzevria,Janssen - Ad26.COV 2-S,Moderna - Spikevax,Pfizer BioNTech - Comirnaty",2020-12-30,4,7243847,62.867
Belize,BLZ,AMRO,REPORTING,2023-03-10,502306,251956,126.326,63.365,221390,55.678,"AstraZeneca - Vaxzevria,Beijing CNBG - BBIBP-CorV,Janssen - Ad26.COV 2-S,Pfizer BioNTech - Comirnaty,SII - Covishield",2021-03-01,5,51295,12.9
Benin,BEN,AFRO,REPORTING,2022-12-18,4232541,3697190,34.913,30.497,2742837,22.625,"AstraZeneca - Vaxzevria,Janssen - Ad26.COV 2-S,Pfizer BioNTech - Comirnaty,SII - Covishield,Sinovac - CoronaVac",2021-03-29,5,,
Bermuda,BMU,AMRO,REPORTING,2023-03-10,132042,48554,212.037,77.97,47657,76.529,"AstraZeneca - Vaxzevria,Moderna - Spikevax,Pfizer BioNTech - Comirnaty",2021-01-11,3,31829,51.112
Bhutan,BTN,SEARO,REPORTING,2022-10-30,2011426,699116,260.68,90.605,677669,87.826,"AstraZeneca - Vaxzevria,Beijing CNBG - BBIBP-CorV,Moderna - Spikevax,Pfizer BioNTech - Comirnaty,SII - Covishield",2021-03-27,5,634641,82.249
Bolivia (Plurinational State of),BOL,AMRO,REPORTING,2023-03-10,15855985,7474308,135.834,64.031,6276596,53.77,"AstraZeneca - Vaxzevria,Beijing CNBG - BBIBP-CorV,Gamaleya - Gam-Covid-Vac,Janssen - Ad26.COV 2-S,Moderna - Spikevax,Pfizer BioNTech - Comirnaty,SII - Covishield",2021-01-30,7,2437979,20.886
Bonaire,XAA,AMRO,REPORTING,2023-03-10,43000,17460,205.594,83.481,16181,77.366,,,,8114,38.795
"Bonaire, Sint Eustatius and Saba",BES,AMRO,OWID,2021-09-01,35845,19109,137.934,73.533,16736,64.401,"Moderna - mRNA-1273, Pfizer BioNTech - Comirnaty",,2,,
Bosnia and Herzegovina,BIH,EURO,REPORTING,2022-01-29,1924950,943394,58.7,28.755,846080,25.789,"AstraZeneca - AZD1222, Pfizer BioNTech - Comirnaty, Sinovac - CoronaVac, Gamaleya - Sputnik V",,4,,
Botswana,BWA,AFRO,REPORTING,2023-03-19,3171667,1945438,134.871,82.727,1648426,70.097,"Bharat - Covaxin,Janssen - Ad26.COV 2-S,Moderna - Spikevax,Pfizer BioNTech - Comirnaty,SII - Covishield,Sinovac - CoronaVac",2021-03-26,6,505201,21.483
Brazil,BRA,AMRO,REPORTING,2023-03-10,506003123,186830341,238.053,87.896,169917297,79.939,"AstraZeneca - Vaxzevria,Janssen - Ad26.COV 2-S,Pfizer BioNTech - Comirnaty,SII - Covishield,Sinovac - CoronaVac",2021-01-17,5,109662564,51.591
British Virgin Islands,VGB,AMRO,REPORTING,2023-03-10,41453,19466,137.094,64.378,18261,60.393,"AstraZeneca - Vaxzevria,Janssen - Ad26.COV 2-S",2021-02-11,2,3726,12.323
Brunei Darussalam,BRN,WPRO,REPORTING,2023-03-10,1291223,450944,295.151,103.078,446551,102.074,"AstraZeneca - Vaxzevria,Beijing CNBG - BBIBP-CorV,Janssen - Ad26.COV 2-S,Moderna - Spikevax,Pfizer BioNTech - Comirnaty",2021-04-03,5,340247,77.774
Bulgaria,BGR,EURO,REPORTING,2023-03-19,4615074,2107140,66.4,30.312,2078846,29.905,"AstraZeneca - Vaxzevria,Janssen - Ad26.COV 2-S,Moderna - Spikevax,Pfizer BioNTech - Comirnaty",2020-12-30,4,831538,11.962
Burkina Faso,BFA,AFRO,REPORTING,2023-03-19,6674010,5152110,31.928,24.647,4129254,19.754,"Beijing CNBG - BBIBP-CorV,Janssen - Ad26.COV 2-S,SII - Covishield",2021-06-02,3,,
Burundi,BDI,AFRO,REPORTING,2023-03-19,35772,33814,0.301,0.284,33225,0.279,Beijing CNBG - BBIBP-CorV,2021-10-18,1,297,0.002
Cabo Verde,CPV,AFRO,REPORTING,2022-09-25,859940,356734,154.669,64.162,308720,55.526,"Beijing CNBG - BBIBP-CorV,Moderna - Spikevax,Pfizer BioNTech - Comirnaty,SII - Covishield",2021-03-18,4,749,0.135
Cambodia,KHM,WPRO,REPORTING,2023-03-17,46695609,15278581,279.297,91.385,14647871,87.612,"AstraZeneca - Vaxzevria,Beijing CNBG - BBIBP-CorV,Janssen - Ad26.COV 2-S,Moderna - Spikevax,Pfizer BioNTech - Comirnaty,SII - Covishield,Sinovac - CoronaVac",2021-02-10,7,10606414,63.439
Cameroon,CMR,AFRO,REPORTING,2023-03-12,4278883,3435624,16.119,12.942,2895351,10.907,"Beijing CNBG - BBIBP-CorV,Janssen - Ad26.COV 2-S,Pfizer BioNTech - Comirnaty,SII - Covishield",2021-04-12,4,538668,2.029
Canada,CAN,AMRO,REPORTING,2023-03-10,93528723,32640355,247.81,86.482,31297482,82.924,"AstraZeneca - Vaxzevria,Janssen - Ad26.COV 2-S,Moderna - Spikevax,Pfizer BioNTech - Comirnaty,SII - Covishield",2020-12-14,5,19745486,52.317
Cayman Islands,CYM,AMRO,REPORTING,2023-03-10,151382,61932,230.344,94.236,60659,92.299,Pfizer BioNTech - Comirnaty,2021-01-15,1,24064,36.616
Central African Republic,CAF,AFRO,REPORTING,2023-03-05,2535002,2381935,52.487,49.318,2266531,46.928,"Bharat - Covaxin,SII - Covishield",2021-03-19,2,226816,4.696
Chad,TCD,AFRO,REPORTING,2023-03-19,6393769,6254729,38.925,38.079,6127422,37.303,Beijing CNBG - BBIBP-CorV,2021-06-04,1,4042573,24.611
Chile,CHL,AMRO,REPORTING,2023-03-10,64934108,18092882,339.681,94.647,17704158,92.613,"AstraZeneca - Vaxzevria,CanSino - Convidecia,Moderna - Spikevax,Pfizer BioNTech - Comirnaty,Sinovac - CoronaVac",2020-12-21,5,15731752,82.295
China,CHN,WPRO,REPORTING,2022-11-29,3465113661,1307511577,235.516,88.869,1277356924,86.819,"Anhui ZL - Zifivax,Beijing CNBG - BBIBP-CorV,CanSino - Convidecia,IMB - Covidful,Pfizer BioNTech - Comirnaty,Shenzhen - LV-SMENP-DC,Sinovac - CoronaVac,Wuhan CNBG - Inactivated",2020-07-22,8,804850776,54.704
Colombia,COL,AMRO,REPORTING,2023-03-10,90285644,42971012,177.438,84.451,36963551,72.644,"AstraZeneca - Vaxzevria,Janssen - Ad26.COV 2-S,Moderna - Spikevax,Pfizer BioNTech - Comirnaty,Sinovac - CoronaVac",2021-02-17,5,14704700,28.899
Comoros,COM,AFRO,REPORTING,2022-10-02,835021,438825,96.023,50.463,397080,45.662,"Beijing CNBG - BBIBP-CorV,Bharat - Covaxin,SII - Covishield",2021-04-10,3,,
Congo,COG,AFRO,REPORTING,2022-07-31,833210,695760,15.1,12.609,654119,11.854,"Beijing CNBG - BBIBP-CorV,Gamaleya - Gam-Covid-Vac,Moderna - Spikevax,SII - Covishield",2021-03-23,4,,
Cook Islands,COK,WPRO,REPORTING,2022-05-10,39612,15020,225.529,85.516,14676,83.557,Pfizer BioNTech - Comirnaty,2021-05-17,1,9916,56.456
Costa Rica,CRI,AMRO,REPORTING,2023-03-10,12884913,4616495,252.937,90.624,4327110,84.943,"AstraZeneca - Vaxzevria,Moderna - Spikevax,Pfizer BioNTech - Comirnaty",2020-12-24,3,2868921,56.318
Côte d’Ivoire,CIV,AFRO,REPORTING,2023-02-19,25263932,13568372,95.776,51.438,12164304,46.115,"Beijing CNBG - BBIBP-CorV,Gamaleya - Gam-Covid-Vac,Janssen - Ad26.COV 2-S,Pfizer BioNTech - Comirnaty,SII - Covishield",2021-03-01,5,3138712,11.899
Croatia,HRV,EURO,REPORTING,2022-10-23,5357755,2317461,132,57.141,2244181,55.3,"AstraZeneca - Vaxzevria,Janssen - Ad26.COV 2-S,Moderna - Spikevax,Novavax-NUVAXOVID,Pfizer BioNTech - Comirnaty,Unknown Vaccine",2020-12-23,6,954875,23.53
Cuba,CUB,AMRO,REPORTING,2023-03-10,38031344,10729281,335.77,94.726,10008907,88.366,"CIGB - CIGB-66,Finlay - Soberana Plus,Finlay - Soberana-02",,3,8705728,76.861
Curaçao,CUW,AMRO,REPORTING,2023-03-10,260324,108601,158.644,66.183,100885,61.48,"AstraZeneca - Vaxzevria,Moderna - Spikevax,Pfizer BioNTech - Comirnaty",2021-02-24,3,43138,26.289
Cyprus,CYP,EURO,REPORTING,2023-03-19,1858220,668969,209.3,75.341,656050,73.879,"AstraZeneca - Vaxzevria,Janssen - Ad26.COV 2-S,Moderna - Spikevax,Novavax-NUVAXOVID,Pfizer BioNTech - Comirnaty",2020-12-23,5,487265,54.872
Czechia,CZE,EURO,REPORTING,2023-03-05,18608534,6971429,174,65.19,6887045,64.401,"AstraZeneca - Vaxzevria,Janssen - Ad26.COV 2-S,Moderna - Spikevax,Novavax-NUVAXOVID,Pfizer BioNTech - Comirnaty,Pfizer BioNTech - Comirnaty Bivalent Original/Omicron BA.1,Pfizer BioNTech - Comirnaty Bivalent Original/Omicron BA.4/BA.5",2020-12-23,7,4364247,40.81
Democratic Republic of the Congo,COD,AFRO,REPORTING,2023-03-19,14196698,13234820,15.851,14.777,10779382,12.036,SII - Covishield,2021-04-19,1,,
Denmark,DNK,EURO,REPORTING,2023-03-05,15102608,4792891,259.4,82.313,4779951,82.091,"AstraZeneca - Vaxzevria,Janssen - Ad26.COV 2-S,Moderna - Spikevax,Pfizer BioNTech - Comirnaty,Unknown Vaccine",2020-12-16,5,3664722,62.938
Djibouti,DJI,EMRO,REPORTING,2023-03-19,389246,368620,39.397,37.31,348255,35.248,"AstraZeneca - Vaxzevria,Beijing CNBG - BBIBP-CorV,Bharat - Covaxin,CanSino - Convidecia,Gamaleya - Gam-Covid-Vac,Gamaleya - Sputnik-Light,Janssen - Ad26.COV 2-S,Moderna - Spikevax,Pfizer BioNTech - Comirnaty,SII - Covishield,Sinovac - CoronaVac",2021-03-15,11,,
Dominica,DMA,AMRO,REPORTING,2023-03-10,67647,32995,93.966,45.832,30659,42.587,"AstraZeneca - Vaxzevria,Beijing CNBG - BBIBP-CorV,Moderna - Spikevax,Pfizer BioNTech - Comirnaty,SII - Covishield",2021-02-12,5,3993,5.547
Dominican Republic,DOM,AMRO,REPORTING,2023-03-10,15931705,7311019,146.864,67.396,6084011,56.085,"AstraZeneca - Vaxzevria,SII - Covishield,Sinovac - CoronaVac",2021-02-16,3,2536675,23.384
Ecuador,ECU,AMRO,REPORTING,2023-02-24,39495110,15329151,223.856,86.885,14233323,80.674,"AstraZeneca - Vaxzevria,CanSino - Convidecia,Pfizer BioNTech - Comirnaty,Sinovac - CoronaVac",2021-01-20,4,7708466,43.691
Egypt,EGY,EMRO,REPORTING,2023-03-19,108156977,56068339,105.69,54.789,41695167,40.744,"AstraZeneca - Vaxzevria,Beijing CNBG - BBIBP-CorV,Bharat - Covaxin,CanSino - Convidecia,Gamaleya - Gam-Covid-Vac,Gamaleya - Sputnik-Light,Janssen - Ad26.COV 2-S,Moderna - Spikevax,Pfizer BioNTech - Comirnaty,Sinovac - CoronaVac",2021-01-24,10,13906497,13.589
El Salvador,SLV,AMRO,REPORTING,2023-03-10,11379601,4648614,175.443,71.669,4386824,67.633,"AstraZeneca - Vaxzevria,Beijing CNBG - BBIBP-CorV,Moderna - Spikevax,Pfizer BioNTech - Comirnaty,SII - Covishield,Sinovac - CoronaVac",2021-02-17,6,1883121,29.033
Equatorial Guinea,GNQ,AFRO,REPORTING,2022-07-24,488738,270109,34.836,19.252,214032,15.255,"Beijing CNBG - BBIBP-CorV,Sinovac - CoronaVac",2021-02-12,2,4597,0.328
Eritrea,ERI,AFRO,REPORTING,2022-07-03,,0,,0,0,0,,,,,
Estonia,EST,EURO,REPORTING,2023-02-26,2196128,844741,165.2,63.563,835659,62.88,"AstraZeneca - Vaxzevria,Janssen - Ad26.COV 2-S,Moderna - Spikevax,Moderna – Spikevax Bivalent Original/Omicron BA.1,Novavax-NUVAXOVID,Pfizer BioNTech - Comirnaty,Pfizer BioNTech - Comirnaty Bivalent Original/Omicron BA.1,Pfizer BioNTech - Comirnaty Bivalent Original/Omicron BA.4/BA.5",2020-12-23,8,486837,36.632
Eswatini,SWZ,AFRO,REPORTING,2023-03-19,841545,511632,72.537,44.1,419116,36.126,"Janssen - Ad26.COV 2-S,Pfizer BioNTech - Comirnaty,SII - Covishield",2021-03-19,3,167624,14.448
Ethiopia,ETH,AFRO,REPORTING,2023-01-22,53514115,43791263,46.549,38.091,37337167,32.477,"Beijing CNBG - BBIBP-CorV,Bharat - Covaxin,Janssen - Ad26.COV 2-S,SII - Covishield",2021-03-13,4,2679887,2.331
Falkland Islands (Malvinas),FLK,AMRO,REPORTING,2022-06-21,9390,3220,269.595,92.449,2976,85.444,AstraZeneca - AZD1222,,1,2543,73.012
Faroe Islands,FRO,EURO,OWID,2022-02-18,103894,41715,212.614,85.368,40895,83.69,"Moderna - mRNA-1273, Pfizer BioNTech - Comirnaty",,2,21284,43.557
Fiji,FJI,WPRO,REPORTING,2023-02-24,1553053,711826,173.246,79.405,640894,71.493,"AstraZeneca - Vaxzevria,Moderna - Spikevax,SII - Covishield",2021-03-07,3,171060,19.082
Finland,FIN,EURO,REPORTING,2023-03-12,13249324,4546772,239.8,82.29,4364082,78.984,"AstraZeneca - Vaxzevria,Janssen - Ad26.COV 2-S,Moderna - Spikevax,Pfizer BioNTech - Comirnaty,Unknown Vaccine",2020-12-23,5,3085974,55.852
France,FRA,EURO,REPORTING,2023-03-05,157891260,54660717,234.5,81.195,53167024,78.976,"AstraZeneca - Vaxzevria,Janssen - Ad26.COV 2-S,Moderna - Spikevax,Novavax-NUVAXOVID,Pfizer BioNTech - Comirnaty,Unknown Vaccine",2020-12-30,6,41006600,60.913
French Guiana,GUF,AMRO,REPORTING,2023-03-10,241473,100060,80.846,33.501,90315,30.238,"Moderna - Spikevax,Pfizer BioNTech - Comirnaty",2021-01-13,2,46198,15.467
French Polynesia,PYF,WPRO,REPORTING,2022-12-31,450069,191936,160.219,68.327,163896,58.345,"Janssen - Ad26.COV 2-S,Pfizer BioNTech - Comirnaty",2021-01-18,2,81177,28.898
Gabon,GAB,AFRO,REPORTING,2023-02-05,572672,311244,25.73,13.984,257471,11.568,"Beijing CNBG - BBIBP-CorV,Gamaleya - Gam-Covid-Vac,Pfizer BioNTech - Comirnaty",2021-03-23,3,2592,0.116
Gambia,GMB,AFRO,REPORTING,2023-03-19,1444492,674314,59.772,27.903,539186,22.311,"Beijing CNBG - BBIBP-CorV,SII - Covishield",2021-03-10,2,53741,2.224
Georgia,GEO,EURO,REPORTING,2023-03-12,2736283,1299690,68.6,32.58,1185896,29.728,"AstraZeneca - Vaxzevria,Beijing CNBG - BBIBP-CorV,Pfizer BioNTech - Comirnaty,Sinovac - CoronaVac",2021-03-17,4,250697,6.284
Germany,DEU,EURO,REPORTING,2023-03-05,193166879,64863352,232.3,77.992,63559687,76.424,"AstraZeneca - Vaxzevria,Janssen - Ad26.COV 2-S,Moderna - Spikevax,Moderna – Spikevax Bivalent Original/Omicron  - Generic,Novavax-NUVAXOVID,Pfizer BioNTech - Comirnaty,Pfizer BioNTech - Comirnaty Bivalent Original/Omicron - Generic,Unknown Vaccine,Valneva - VLA2001",2020-12-23,9,52131458,62.683
Ghana,GHA,AFRO,REPORTING,2023-03-12,22384226,13125372,72.038,42.241,10105181,32.521,"Gamaleya - Gam-Covid-Vac,SII - Covishield",2021-03-02,2,3972718,12.785
Gibraltar,GIB,EURO,OWID,2022-12-16,132810,42175,394.2,125.182,41465,123.074,"AstraZeneca - AZD1222, Pfizer BioNTech - Comirnaty",,2,49170,145.944
Greece,GRC,EURO,REPORTING,2023-03-19,21979563,7915481,205.1,73.848,7743621,72.245,"AstraZeneca - Vaxzevria,Janssen - Ad26.COV 2-S,Moderna - Spikevax,Novavax-NUVAXOVID,Pfizer BioNTech - Comirnaty,Pfizer BioNTech - Comirnaty Bivalent Original/Omicron BA.1,Pfizer BioNTech - Comirnaty Bivalent Original/Omicron BA.4/BA.5",2020-12-23,7,5902171,55.065
Greenland,GRL,EURO,OWID,2022-03-14,79738,41227,140.453,72.619,38511,67.834,Moderna - mRNA-1273,,1,,
Grenada,GRD,AMRO,REPORTING,2023-03-10,90686,44241,80.593,39.317,39034,34.69,"AstraZeneca - Vaxzevria,Janssen - Ad26.COV 2-S,Moderna - Spikevax,Pfizer BioNTech - Comirnaty,SII - Covishield",2021-02-15,5,7411,6.586
Guadeloupe,GLP,AMRO,REPORTING,2023-03-10,398931,151832,99.702,37.946,145840,36.449,"AstraZeneca - Vaxzevria,Janssen - Ad26.COV 2-S,Moderna - Spikevax,Novavax-NUVAXOVID,Pfizer BioNTech - Comirnaty",2021-01-08,7,88753,22.181
Guam,GUM,WPRO,REPORTING,2022-08-23,368088,155225,218.094,91.972,141014,83.551,"Janssen - Ad26.COV 2-S,Moderna - Spikevax,Pfizer BioNTech - Comirnaty",2021-01-04,3,72131,42.738
Guatemala,GTM,AMRO,REPORTING,2023-03-10,20257676,8915029,113.073,49.761,7102774,39.646,"AstraZeneca - Vaxzevria,Gamaleya - Gam-Covid-Vac,Moderna - Spikevax,Pfizer BioNTech - Comirnaty,SII - Covishield",2021-02-25,5,3681004,20.546
Guernsey,GGY,EURO,OWID,2022-12-19,178525,54223,276.92,84.108,52710,81.761,"Moderna - mRNA-1273, AstraZeneca - AZD1222, Pfizer BioNTech - Comirnaty",,3,69339,107.556
Guinea,GIN,AFRO,REPORTING,2023-03-19,10642438,7677166,81.037,58.458,4724235,35.973,"Beijing CNBG - BBIBP-CorV,Gamaleya - Gam-Covid-Vac,Janssen - Ad26.COV 2-S,Pfizer BioNTech - Comirnaty,SII - Covishield,Sinovac - CoronaVac",2021-03-05,6,302483,2.303
Guinea-Bissau,GNB,AFRO,REPORTING,2023-03-19,594450,544293,30.206,27.657,362014,18.395,"Beijing CNBG - BBIBP-CorV,SII - Covishield",2021-04-02,2,962,0.049
Guyana,GUY,AMRO,REPORTING,2023-03-10,960133,495285,122.069,62.969,381984,48.564,"AstraZeneca - Vaxzevria,Beijing CNBG - BBIBP-CorV,Gamaleya - Gam-Covid-Vac,Janssen - Ad26.COV 2-S,Moderna - Spikevax,Pfizer BioNTech - Comirnaty,SII - Covishield",2021-02-11,7,77874,9.901
Haiti,HTI,AMRO,REPORTING,2023-03-10,515718,406534,4.523,3.565,238352,2.09,"Janssen - Ad26.COV 2-S,Moderna - Spikevax",,2,,
Honduras,HND,AMRO,REPORTING,2023-03-10,16593952,6530252,167.538,65.931,5816888,58.729,"AstraZeneca - Vaxzevria,Gamaleya - Gam-Covid-Vac,Janssen - Ad26.COV 2-S,Moderna - Spikevax,Pfizer BioNTech - Comirnaty,SII - Covishield",2021-02-22,6,4247187,42.881
Hungary,HUN,EURO,REPORTING,2023-03-19,16568528,6358256,169.6,65.083,6151604,62.967,"AstraZeneca - Vaxzevria,Beijing CNBG - BBIBP-CorV,Gamaleya - Gam-Covid-Vac,Janssen - Ad26.COV 2-S,Moderna - Spikevax,Pfizer BioNTech - Comirnaty,Pfizer BioNTech - Comirnaty Bivalent Original/Omicron BA.1,Sinovac - CoronaVac",2020-12-23,8,3868341,39.596
Iceland,ISL,EURO,REPORTING,2023-02-26,868802,307248,238.6,84.391,297901,81.811,"AstraZeneca - Vaxzevria,Janssen - Ad26.COV 2-S,Moderna - Spikevax,Novavax-NUVAXOVID,Pfizer BioNTech - Comirnaty",2020-12-30,5,254404,69.865
India,IND,SEARO,REPORTING,2023-03-21,2206521180,1025801518,159.892,74.333,952071510,68.99,"Bharat - Covaxin,Biological E - Corbevax,Gamaleya - Gam-Covid-Vac,Janssen - Ad26.COV 2-S,Moderna - Spikevax,SII - Covishield,SII - Covovax,Zydus - ZyCov-D",2021-01-16,8,228648152,16.569
Indonesia,IDN,SEARO,REPORTING,2023-01-17,444303130,203657535,162.437,74.457,172693321,63.137,"AstraZeneca - Vaxzevria,Beijing CNBG - BBIBP-CorV,Janssen - Ad26.COV 2-S,Moderna - Spikevax,Novavax-NUVAXOVID,Pfizer BioNTech - Comirnaty,Sinovac - CoronaVac",2021-01-13,7,67952274,24.843
Iran (Islamic Republic of),IRN,EMRO,REPORTING,2023-02-19,157785811,65159767,187.856,77.578,58544482,69.702,"AstraZeneca - Vaxzevria,Beijing CNBG - BBIBP-CorV,Bharat - Covaxin,CanSino - Convidecia,Finlay - Soberana-02,Gamaleya - Gam-Covid-Vac,Gamaleya - Sputnik-Light,Janssen - Ad26.COV 2-S,Moderna - Spikevax,Pfizer BioNTech - Comirnaty,Shifa - COVIran Barakat,Sinovac - CoronaVac",2021-02-09,12,31352288,37.327
Iraq,IRQ,EMRO,REPORTING,2023-01-02,19557364,11332925,48.623,28.176,7944775,19.752,"AstraZeneca - Vaxzevria,Beijing CNBG - BBIBP-CorV,Bharat - Covaxin,CanSino - Convidecia,Gamaleya - Gam-Covid-Vac,Gamaleya - Sputnik-Light,Janssen - Ad26.COV 2-S,Moderna - Spikevax,Pfizer BioNTech - Comirnaty,Sinovac - CoronaVac",2021-03-02,10,275280,0.684
Ireland,IRL,EURO,REPORTING,2023-03-19,12358591,4107444,248.9,85.373,4061146,81.805,"AstraZeneca - Vaxzevria,Janssen - Ad26.COV 2-S,Moderna - Spikevax,Novavax-NUVAXOVID,Pfizer BioNTech - Comirnaty",2020-12-30,5,3054325,61.524
Isle of Man,IMN,EURO,OWID,2022-06-23,189994,69560,223.438,81.804,67106,78.919,"Moderna - mRNA-1273, AstraZeneca - AZD1222, Pfizer BioNTech - Comirnaty",,3,53328,62.715
Israel,ISR,EURO,REPORTING,2022-06-05,15026951,7055466,173.6,81.514,6385731,73.776,"AstraZeneca - Vaxzevria,Moderna - Spikevax,Pfizer BioNTech - Comirnaty",2020-12-16,3,1585754,18.321
Italy,ITA,EURO,REPORTING,2023-03-05,150260818,50579005,251.9,84.81,49481657,82.965,"AstraZeneca - Vaxzevria,Janssen - Ad26.COV 2-S,Moderna - Spikevax,Moderna – Spikevax Bivalent Original/Omicron BA.1,Novavax-NUVAXOVID,Pfizer BioNTech - Comirnaty,Pfizer BioNTech - Comirnaty Bivalent Original/Omicron BA.1,Pfizer BioNTech - Comirnaty Bivalent Original/Omicron BA.4/BA.5",2020-12-23,8,44907398,75.296
Jamaica,JAM,AMRO,REPORTING,2023-03-10,1518792,851985,51.29,28.772,752267,25.404,"AstraZeneca - Vaxzevria,Beijing CNBG - BBIBP-CorV,Janssen - Ad26.COV 2-S,Pfizer BioNTech - Comirnaty,SII - Covishield",2021-03-10,5,45948,1.552
Japan,JPN,WPRO,REPORTING,2023-02-27,381845653,104664783,301.91,82.754,103314091,81.686,"AstraZeneca - Vaxzevria,Moderna - Spikevax,Novavax-NUVAXOVID,Pfizer BioNTech - Comirnaty",2021-02-17,4,86064059,68.047
Jersey,JEY,EURO,OWID,2023-01-29,266953,84365,247.646,78.264,81882,75.96,"Moderna - mRNA-1273, AstraZeneca - AZD1222, Pfizer BioNTech - Comirnaty",,3,73662,68.335
Jordan,JOR,EMRO,REPORTING,2022-08-21,10057975,4821579,98.577,47.256,4558313,44.676,"AstraZeneca - Vaxzevria,Beijing CNBG - BBIBP-CorV,Bharat - Covaxin,CanSino - Convidecia,Gamaleya - Gam-Covid-Vac,Gamaleya - Sputnik-Light,Janssen - Ad26.COV 2-S,Moderna - Spikevax,Pfizer BioNTech - Comirnaty,Sinovac - CoronaVac",2021-01-13,10,682211,6.686
Kazakhstan,KAZ,EURO,REPORTING,2023-02-19,33691195,12382053,179.4,65.944,13063081,69.571,"Beijing CNBG - BBIBP-CorV,Gamaleya - Gam-Covid-Vac,Pfizer BioNTech - Comirnaty,RIBSP - QazVac,Sinovac - CoronaVac",2021-04-07,5,6745430,35.924
Kenya,KEN,AFRO,REPORTING,2023-02-19,23359310,14317039,43.442,26.626,10947863,20.36,"Beijing CNBG - BBIBP-CorV,Janssen - Ad26.COV 2-S,Moderna - Spikevax,Pfizer BioNTech - Comirnaty,SII - Covishield",2021-03-05,5,1890699,3.516
Kiribati,KIR,WPRO,REPORTING,2023-02-06,219980,100900,184.162,84.471,81474,68.208,"AstraZeneca - Vaxzevria,Beijing CNBG - BBIBP-CorV",2021-05-26,2,37606,31.483
Kosovo,XKX,EURO,REPORTING,2023-01-15,1836901,904558,102.3,50.375,824752,45.93,"AstraZeneca - Vaxzevria,Pfizer BioNTech - Comirnaty",2021-03-31,2,105624,5.882
Kuwait,KWT,EMRO,REPORTING,2023-03-21,8259228,3456560,193.399,80.939,3345178,78.331,"AstraZeneca - Vaxzevria,Beijing CNBG - BBIBP-CorV,Bharat - Covaxin,CanSino - Convidecia,Gamaleya - Gam-Covid-Vac,Gamaleya - Sputnik-Light,Janssen - Ad26.COV 2-S,Moderna - Spikevax,Pfizer BioNTech - Comirnaty,Sinovac - CoronaVac",2020-12-28,10,1457490,34.129
Kyrgyzstan,KGZ,EURO,REPORTING,2023-02-26,3090060,1498820,47.4,22.973,1321609,20.257,"AstraZeneca - Vaxzevria,Beijing CNBG - BBIBP-CorV,Gamaleya - Gam-Covid-Vac,Moderna - Spikevax,Pfizer BioNTech - Comirnaty,RIBSP - QazVac",2021-03-31,6,269631,4.133
Lao People's Democratic Republic,LAO,WPRO,REPORTING,2023-01-19,15053397,6290492,206.904,86.461,5648517,77.637,"AstraZeneca - Vaxzevria,Beijing CNBG - BBIBP-CorV,Gamaleya - Gam-Covid-Vac,Gamaleya - Sputnik-Light,Janssen - Ad26.COV 2-S,Pfizer BioNTech - Comirnaty,SII - Covishield,Sinovac - CoronaVac",2020-11-25,8,2359576,32.432
Latvia,LVA,EURO,REPORTING,2023-03-19,2977413,1344217,156.1,70.464,1304570,68.385,"AstraZeneca - Vaxzevria,Janssen - Ad26.COV 2-S,Moderna - Spikevax,Novavax-NUVAXOVID,Pfizer BioNTech - Comirnaty",2020-12-30,5,550329,28.848
Lebanon,LBN,EMRO,REPORTING,2022-12-22,5814699,2740227,85.192,40.147,2414223,35.371,"AstraZeneca - Vaxzevria,Beijing CNBG - BBIBP-CorV,Bharat - Covaxin,CanSino - Convidecia,Gamaleya - Gam-Covid-Vac,Gamaleya - Sputnik-Light,Janssen - Ad26.COV 2-S,Moderna - Spikevax,Pfizer BioNTech - Comirnaty,Sinovac - CoronaVac",2021-02-14,10,660249,9.673
Lesotho,LSO,AFRO,REPORTING,2023-03-19,1339097,1014073,62.509,47.337,938088,43.79,"Beijing CNBG - BBIBP-CorV,Janssen - Ad26.COV 2-S,SII - Covishield",2021-03-10,3,177816,8.3
Liberia,LBR,AFRO,REPORTING,2022-12-11,4460668,3903802,88.196,77.186,3730967,73.768,SII - Covishield,2021-04-01,1,1987,0.039
Libya,LBY,EMRO,REPORTING,2023-01-16,3739158,2316327,54.417,33.71,1236102,17.989,"AstraZeneca - Vaxzevria,Beijing CNBG - BBIBP-CorV,Bharat - Covaxin,CanSino - Convidecia,Gamaleya - Gam-Covid-Vac,Gamaleya - Sputnik-Light,Janssen - Ad26.COV 2-S,Moderna - Spikevax,Pfizer BioNTech - Comirnaty,Sinovac - CoronaVac",2021-04-11,10,186729,2.718
Liechtenstein,LIE,OTHER,REPORTING,2022-04-10,71104,26681,183.5,68.86,26346,67.995,"Janssen - Ad26.COV 2-S,Moderna - Spikevax,Pfizer BioNTech - Comirnaty",2021-01-06,3,18310,47.255
Lithuania,LTU,EURO,REPORTING,2023-03-12,4531267,1956262,162.2,70.168,1906759,68.243,"AstraZeneca - Vaxzevria,Janssen - Ad26.COV 2-S,Moderna - Spikevax,Pfizer BioNTech - Comirnaty,Unknown Vaccine",2020-12-23,5,901818,32.276
Luxembourg,LUX,EURO,REPORTING,2023-03-19,1337471,469251,213.6,74.947,462661,73.895,"AstraZeneca - Vaxzevria,Janssen - Ad26.COV 2-S,Moderna - Spikevax,Moderna – Spikevax Bivalent Original/Omicron BA.1,Novavax-NUVAXOVID,Pfizer BioNTech - Comirnaty,Pfizer BioNTech - Comirnaty Bivalent Original/Omicron BA.1,Pfizer BioNTech - Comirnaty Bivalent Original/Omicron BA.4/BA.5",2020-12-30,8,368428,58.844
Madagascar,MDG,AFRO,REPORTING,2023-03-19,2752435,2400157,9.94,8.668,2321826,8.385,"Beijing CNBG - BBIBP-CorV,Janssen - Ad26.COV 2-S,SII - Covishield",2021-05-10,3,139523,0.504
Malawi,MWI,AFRO,REPORTING,2023-03-19,7405348,4739457,38.711,24.775,3714037,19.415,"Janssen - Ad26.COV 2-S,SII - Covishield",2021-03-11,2,907875,4.746
Malaysia,MYS,WPRO,REPORTING,2023-03-19,72593955,28132060,224.291,86.919,27544563,85.103,"AstraZeneca - Vaxzevria,Beijing CNBG - BBIBP-CorV,CanSino - Convidecia,Gamaleya - Gam-Covid-Vac,Janssen - Ad26.COV 2-S,Moderna - Spikevax,Pfizer BioNTech - Comirnaty,Sinovac - CoronaVac",2021-02-24,8,16319486,50.422
Maldives,MDV,SEARO,REPORTING,2023-02-27,951578,399263,176.041,73.863,385112,71.245,"AstraZeneca - Vaxzevria,Beijing CNBG - BBIBP-CorV,Gamaleya - Gam-Covid-Vac,Janssen - Ad26.COV 2-S,Moderna - Spikevax,Pfizer BioNTech - Comirnaty,SII - Covishield,Sinovac - CoronaVac",2021-02-01,8,167203,30.932
Mali,MLI,AFRO,REPORTING,2023-03-19,5369445,3959022,26.515,19.55,3247719,16.037,SII - Covishield,2021-03-31,1,,
Malta,MLT,EURO,REPORTING,2023-03-05,1280049,450516,248.8,87.553,444891,86.46,"AstraZeneca - Vaxzevria,Janssen - Ad26.COV 2-S,Moderna - Spikevax,Pfizer BioNTech - Comirnaty",2020-12-23,4,352592,68.522
Marshall Islands,MHL,WPRO,REPORTING,2022-12-28,85198,45627,143.93,77.08,39571,66.85,"Janssen - Ad26.COV 2-S,Moderna - Spikevax,Pfizer BioNTech - Comirnaty",2020-12-29,3,18559,31.353
Martinique,MTQ,AMRO,REPORTING,2023-03-10,401142,150671,106.896,40.151,145414,38.75,Pfizer BioNTech - Comirnaty,,1,92795,24.728
Mauritania,MRT,AFRO,REPORTING,2023-03-19,4068530,2100377,87.502,45.173,1537848,33.074,"Beijing CNBG - BBIBP-CorV,SII - Covishield",2021-03-26,2,383114,8.24
Mauritius,MUS,AFRO,REPORTING,2023-03-05,2614332,1123773,205.567,88.363,1088142,85.561,"Beijing CNBG - BBIBP-CorV,Bharat - Covaxin,SII - Covishield",2021-01-26,3,640030,50.326
Mexico,MEX,AMRO,REPORTING,2023-03-10,223158993,97179493,173.082,75.372,81849962,63.483,"AstraZeneca - Vaxzevria,CanSino - Convidecia,CIGB - CIGB-66,Gamaleya - Gam-Covid-Vac,Janssen - Ad26.COV 2-S,Moderna - Spikevax,Pfizer BioNTech - Comirnaty,Sinovac - CoronaVac",2020-12-24,8,57014052,44.22
Micronesia (Federated States of),FSM,WPRO,REPORTING,2022-08-20,170346,70204,148.097,61.035,66174,57.531,"AstraZeneca - Vaxzevria,Janssen - Ad26.COV 2-S,Moderna - Spikevax,Pfizer BioNTech - Comirnaty",2021-01-13,4,30537,26.549
Monaco,MCO,EURO,REPORTING,2022-12-04,71027,25319,181,64.517,24933,63.533,"AstraZeneca - Vaxzevria,Janssen - Ad26.COV 2-S,Moderna - Spikevax,Novavax - Covavax,Novavax-NUVAXOVID,Pfizer BioNTech - Comirnaty,Unknown Vaccine",2021-06-30,7,17806,45.373
Mongolia,MNG,WPRO,REPORTING,2023-03-17,5668144,2284018,172.899,69.671,2185282,66.659,"AstraZeneca - Vaxzevria,Beijing CNBG - BBIBP-CorV,Gamaleya - Gam-Covid-Vac,Moderna - Spikevax,Pfizer BioNTech - Comirnaty,SII - Covishield",2021-02-23,6,1058839,32.299
Montenegro,MNE,EURO,REPORTING,2022-12-04,523735,272152,83.4,43.763,251583,40.456,"AstraZeneca - Vaxzevria,Beijing CNBG - BBIBP-CorV,Gamaleya - Gam-Covid-Vac,Pfizer BioNTech - Comirnaty,Unknown Vaccine",2021-02-24,5,0,0
Montserrat,MSR,AMRO,REPORTING,2023-03-10,4619,2104,92.398,42.088,1952,39.048,AstraZeneca - Vaxzevria,2021-02-08,1,563,11.262
Morocco,MAR,EMRO,REPORTING,2023-03-19,55385580,25019492,150.053,67.784,23521101,63.725,"AstraZeneca - Vaxzevria,Beijing CNBG - BBIBP-CorV,Bharat - Covaxin,CanSino - Convidecia,Gamaleya - Gam-Covid-Vac,Gamaleya - Sputnik-Light,Janssen - Ad26.COV 2-S,Moderna - Spikevax,Pfizer BioNTech - Comirnaty,Sinovac - CoronaVac",2021-01-28,10,6882112,18.645
Mozambique,MOZ,AFRO,REPORTING,2023-01-29,29457535,18641485,94.248,59.642,18466955,59.084,"Beijing CNBG - BBIBP-CorV,Janssen - Ad26.COV 2-S,SII - Covishield",2021-03-08,3,1083523,3.467
Myanmar,MMR,SEARO,REPORTING,2022-06-18,64549994,34777314,118.637,63.917,27545329,50.626,"Beijing CNBG - BBIBP-CorV,SII - Covishield",2021-01-27,2,2227351,4.094
Namibia,NAM,AFRO,REPORTING,2023-03-19,985164,612355,38.772,24.1,535114,21.06,"Beijing CNBG - BBIBP-CorV,Janssen - Ad26.COV 2-S,Pfizer BioNTech - Comirnaty,SII - Covishield",2021-03-19,4,294608,11.595
Nauru,NRU,WPRO,REPORTING,2022-11-17,31128,12077,287.318,111.473,11346,104.726,"AstraZeneca - Vaxzevria,SII - Covishield",2021-04-09,2,7705,71.119
Nepal,NPL,SEARO,REPORTING,2023-03-21,61174872,27763693,209.957,95.287,24303411,83.411,"AstraZeneca - Vaxzevria,Beijing CNBG - BBIBP-CorV,Bharat - Covaxin,Gamaleya - Gam-Covid-Vac,Janssen - Ad26.COV 2-S,Moderna - Spikevax,Pfizer BioNTech - Comirnaty,SII - Covishield",2021-01-27,8,9107768,31.259
Netherlands,NLD,EURO,REPORTING,2022-09-11,36105753,12776868,207.4,73.398,11957152,68.689,"AstraZeneca - Vaxzevria,Janssen - Ad26.COV 2-S,Moderna - Spikevax,Novavax-NUVAXOVID,Pfizer BioNTech - Comirnaty,Unknown Vaccine",2021-01-06,6,9417108,54.098
New Caledonia,NCL,WPRO,REPORTING,2023-01-03,478127,192206,167.471,67.323,184645,64.675,"Janssen - Ad26.COV 2-S,Pfizer BioNTech - Comirnaty",2021-01-20,2,101276,35.473
New Zealand,NZL,WPRO,REPORTING,2023-03-10,11990426,4244473,248.649,88.019,4087045,84.754,"AstraZeneca - Vaxzevria,Janssen - Ad26.COV 2-S,Novavax-NUVAXOVID,Pfizer BioNTech - Comirnaty",2021-02-19,4,2717390,56.351
Nicaragua,NIC,AMRO,REPORTING,2023-03-10,15250610,6237297,230.213,94.154,6036782,91.127,"AstraZeneca - Vaxzevria,Beijing CNBG - BBIBP-CorV,CIGB - CIGB-66,Finlay - Soberana Plus,Finlay - Soberana-02,Gamaleya - Gam-Covid-Vac,Gamaleya - Sputnik-Light,Janssen - Ad26.COV 2-S,Moderna - Spikevax,Pfizer BioNTech - Comirnaty,SII - Covishield",2021-03-03,11,2892531,43.664
Niger,NER,AFRO,REPORTING,2023-03-12,7339299,6217508,30.319,25.685,5454196,22.532,"Beijing CNBG - BBIBP-CorV,SII - Covishield",2021-03-29,2,,
Nigeria,NGA,AFRO,REPORTING,2023-03-19,116606863,82325196,56.567,39.937,69793071,33.857,SII - Covishield,2021-03-05,1,12313372,5.973
Niue,NIU,WPRO,REPORTING,2022-10-18,4920,1636,304.079,101.112,1634,100.989,Pfizer BioNTech - Comirnaty,2021-06-08,1,1224,75.649
North Macedonia,MKD,EURO,REPORTING,2023-01-08,1862732,854479,89.4,41.155,838085,40.365,"AstraZeneca - Vaxzevria,Beijing CNBG - BBIBP-CorV,Gamaleya - Gam-Covid-Vac,Moderna - Spikevax,Pfizer BioNTech - Comirnaty,Sinovac - CoronaVac,Wuhan CNBG - Inactivated",2021-02-17,7,161593,7.783
Northern Mariana Islands (Commonwealth of the),MNP,WPRO,REPORTING,2022-11-04,116159,46466,201.816,80.73,45012,78.204,"Janssen - Ad26.COV 2-S,Moderna - Spikevax,Pfizer BioNTech - Comirnaty",2020-12-19,3,24235,42.106
Norway,NOR,EURO,REPORTING,2023-03-19,12318248,4346747,229.5,80.982,4061728,75.671,"AstraZeneca - Vaxzevria,Janssen - Ad26.COV 2-S,Moderna - Spikevax,Pfizer BioNTech - Comirnaty",2020-12-23,4,3018442,56.235
occupied Palestinian territory,PSE,EMRO,REPORTING,2022-10-18,3748571,2012767,73.481,39.455,1776973,34.833,"AstraZeneca - Vaxzevria,Beijing CNBG - BBIBP-CorV,Bharat - Covaxin,CanSino - Convidecia,Gamaleya - Gam-Covid-Vac,Gamaleya - Sputnik-Light,Janssen - Ad26.COV 2-S,Moderna - Spikevax,Pfizer BioNTech - Comirnaty,Sinovac - CoronaVac",2021-02-02,10,336967,6.605
Oman,OMN,EMRO,REPORTING,2022-10-25,7086050,3257365,138.762,63.787,3048826,59.703,"AstraZeneca - Vaxzevria,Beijing CNBG - BBIBP-CorV,Bharat - Covaxin,CanSino - Convidecia,Gamaleya - Gam-Covid-Vac,Gamaleya - Sputnik-Light,Janssen - Ad26.COV 2-S,Moderna - Spikevax,Pfizer BioNTech - Comirnaty,SII - Covishield,Sinovac - CoronaVac",2020-12-29,11,779859,15.272
Pakistan,PAK,EMRO,REPORTING,2023-03-19,334609866,162881618,151.481,73.738,139889819,63.329,"AstraZeneca - Vaxzevria,Beijing CNBG - BBIBP-CorV,Bharat - Covaxin,CanSino - Convidecia,Gamaleya - Gam-Covid-Vac,Gamaleya - Sputnik-Light,Janssen - Ad26.COV 2-S,Moderna - Spikevax,Pfizer BioNTech - Comirnaty,SII - Covishield,Sinovac - CoronaVac",2021-02-03,11,50398116,22.816
Palau,PLW,WPRO,REPORTING,2022-11-21,53177,20100,293.925,111.099,18285,101.067,"Janssen - Ad26.COV 2-S,Moderna - Spikevax,Pfizer BioNTech - Comirnaty",2021-01-03,3,12866,71.114
Panama,PAN,AMRO,REPORTING,2023-03-10,8778943,3529545,203.463,81.802,3171502,73.503,"AstraZeneca - Vaxzevria,Pfizer BioNTech - Comirnaty",2021-01-20,2,1767254,40.958
Papua New Guinea,PNG,WPRO,REPORTING,2023-03-12,518619,377915,5.797,4.224,317260,3.546,"AstraZeneca - Vaxzevria,Beijing CNBG - BBIBP-CorV,Janssen - Ad26.COV 2-S,SII - Covishield",2021-03-30,4,33776,0.378
Paraguay,PRY,AMRO,REPORTING,2023-03-10,9610340,3987939,134.739,55.912,3543803,49.685,"AstraZeneca - Vaxzevria,Beijing CNBG - BBIBP-CorV,Bharat - Covaxin,Gamaleya - Gam-Covid-Vac,Julphar - Hayat-Vax,Moderna - Spikevax,Pfizer BioNTech - Comirnaty,Sinovac - CoronaVac",2021-02-22,8,1663035,23.316
Peru,PER,AMRO,REPORTING,2023-03-10,88065479,30341587,267.093,92.023,28543939,86.571,"AstraZeneca - Vaxzevria,Beijing CNBG - BBIBP-CorV,Moderna - Spikevax,Pfizer BioNTech - Comirnaty",2021-02-09,4,21954651,66.586
Philippines,PHL,WPRO,REPORTING,2023-03-09,170690206,78480056,155.766,71.618,74049515,67.575,"AstraZeneca - Vaxzevria,Beijing CNBG - BBIBP-CorV,Bharat - Covaxin,Gamaleya - Gam-Covid-Vac,Gamaleya - Sputnik-Light,Janssen - Ad26.COV 2-S,Julphar - Hayat-Vax,Moderna - Spikevax,Novavax-NUVAXOVID,Pfizer BioNTech - Comirnaty,Sinovac - CoronaVac",2021-03-01,11,21756899,19.855
Pitcairn Islands,PCN,WPRO,REPORTING,2022-02-28,138,55,276,110,37,74,AstraZeneca - Vaxzevria,2021-05-17,1,23,46
Poland,POL,EURO,REPORTING,2023-03-12,58085517,22952236,153,60.467,22677436,59.743,"AstraZeneca - Vaxzevria,Janssen - Ad26.COV 2-S,Moderna - Spikevax,Novavax-NUVAXOVID,Pfizer BioNTech - Comirnaty",2020-12-23,5,12505095,32.944
Portugal,PRT,EURO,REPORTING,2023-03-12,27741176,9782572,269.4,95.171,8896988,86.413,"AstraZeneca - Vaxzevria,Beijing CNBG - BBIBP-CorV,Bharat - Covaxin,Janssen - Ad26.COV 2-S,Moderna - Spikevax,Moderna – Spikevax Bivalent Original/Omicron BA.1,Novavax-NUVAXOVID,Pfizer BioNTech - Comirnaty,Pfizer BioNTech - Comirnaty Bivalent Original/Omicron BA.1,Pfizer BioNTech - Comirnaty Bivalent Original/Omicron BA.4/BA.5,Sinovac - CoronaVac",2020-12-23,11,7048677,68.461
Puerto Rico,PRI,AMRO,REPORTING,2023-03-10,7819012,2903237,273.311,101.482,2685912,93.885,"Janssen - Ad26.COV 2-S,Moderna - Spikevax,Novavax-NUVAXOVID,Pfizer BioNTech - Comirnaty",,4,1804099,63.062
Qatar,QAT,EMRO,REPORTING,2023-03-19,7608190,2851907,264.077,98.988,2851907,98.988,"AstraZeneca - Vaxzevria,Beijing CNBG - BBIBP-CorV,Bharat - Covaxin,CanSino - Convidecia,Gamaleya - Gam-Covid-Vac,Gamaleya - Sputnik-Light,Janssen - Ad26.COV 2-S,Moderna - Spikevax,Pfizer BioNTech - Comirnaty,Sinovac - CoronaVac",,10,1904376,66.1
Republic of Korea,KOR,WPRO,REPORTING,2023-03-02,135542622,44888522,264.374,87.555,42961477,83.796,"AstraZeneca - Vaxzevria,Janssen - Ad26.COV 2-S,Moderna - Spikevax,Novavax-NUVAXOVID,Pfizer BioNTech - Comirnaty",2021-02-26,5,33643847,65.622
Republic of Moldova,MDA,EURO,REPORTING,2023-03-19,2284353,1108063,56.6,27.468,1077327,26.706,"AstraZeneca - Vaxzevria,Beijing CNBG - BBIBP-CorV,Gamaleya - Gam-Covid-Vac,Janssen - Ad26.COV 2-S,Moderna - Spikevax,Pfizer BioNTech - Comirnaty,Sinovac - CoronaVac",2021-03-03,7,400384,9.925
Romania,ROU,EURO,REPORTING,2023-03-19,16108109,8187261,83.3,42.358,8141409,42.121,"AstraZeneca - Vaxzevria,Janssen - Ad26.COV 2-S,Moderna - Spikevax,Pfizer BioNTech - Comirnaty",2021-01-27,4,1768081,9.147
Russian Federation,RUS,EURO,OWID,2023-03-19,186318525,88645731,127.7,60.744,79588057,54.537,"SRCVB - EpiVacCorona, Gamaleya - Sputnik V",,2,,
Rwanda,RWA,AFRO,REPORTING,2023-01-01,26106436,10572981,201.56,81.631,9897876,76.418,"Beijing CNBG - BBIBP-CorV,Gamaleya - Gam-Covid-Vac,Janssen - Ad26.COV 2-S,Moderna - Spikevax,Pfizer BioNTech - Comirnaty,SII - Covishield,Sinovac - CoronaVac",2021-03-05,7,5879013,45.39
Saba,XCA,AMRO,REPORTING,2023-03-10,4961,1687,256.648,87.274,1667,86.239,,,,1169,60.476
"Saint Helena, Ascension and Tristan da Cunha",SHN,AFRO,OWID,2021-05-05,7892,4361,129.995,71.833,3531,58.162,AstraZeneca - AZD1222,,1,,
Saint Kitts and Nevis,KNA,AMRO,REPORTING,2023-03-10,64297,33794,120.877,63.532,27000,50.76,"AstraZeneca - Vaxzevria,Pfizer BioNTech - Comirnaty,SII - Covishield",2021-02-22,3,3465,6.514
Saint Lucia,LCA,AMRO,REPORTING,2023-03-10,122977,60140,66.971,32.751,54971,29.936,"AstraZeneca - Vaxzevria,Janssen - Ad26.COV 2-S,Moderna - Spikevax,Pfizer BioNTech - Comirnaty,SII - Covishield",2021-02-17,5,7866,4.284
Saint Vincent and the Grenadines,VCT,AMRO,REPORTING,2023-03-10,73418,37524,66.178,33.824,31627,28.508,"AstraZeneca - Vaxzevria,Gamaleya - Gam-Covid-Vac,Gamaleya - Sputnik-Light,Pfizer BioNTech - Comirnaty,SII - Covishield",2021-02-01,5,4267,3.846
Samoa,WSM,WPRO,REPORTING,2022-12-09,449369,191162,226.48,96.345,177714,89.567,"AstraZeneca - Vaxzevria,Pfizer BioNTech - Comirnaty",2021-04-18,2,79313,39.973
San Marino,SMR,EURO,REPORTING,2022-05-22,69338,26357,204.3,76.501,23633,68.595,"Gamaleya - Gam-Covid-Vac,Pfizer BioNTech - Comirnaty",2021-02-24,2,19348,56.158
Sao Tome and Principe,STP,AFRO,REPORTING,2022-12-25,228291,127564,104.167,58.206,103963,47.437,"AstraZeneca - Vaxzevria,SII - Covishield",2021-03-15,2,33180,15.14
Saudi Arabia,SAU,EMRO,REPORTING,2023-03-12,68454048,27018975,196.629,77.61,25414359,73.001,"AstraZeneca - Vaxzevria,Beijing CNBG - BBIBP-CorV,Bharat - Covaxin,CanSino - Convidecia,Gamaleya - Gam-Covid-Vac,Gamaleya - Sputnik-Light,Janssen - Ad26.COV 2-S,Moderna - Spikevax,Pfizer BioNTech - Comirnaty,Sinovac - CoronaVac",2021-01-06,10,16020714,46.018
Senegal,SEN,AFRO,REPORTING,2023-03-05,2929547,2684696,17.496,16.034,1438733,8.593,"Beijing CNBG - BBIBP-CorV,Janssen - Ad26.COV 2-S,SII - Covishield",2021-02-23,3,815965,4.873
Serbia,SRB,EURO,REPORTING,2022-11-20,6719835,3396720,97,49.038,3323115,47.975,"AstraZeneca - Vaxzevria,Beijing CNBG - BBIBP-CorV,Gamaleya - Gam-Covid-Vac,Moderna - Spikevax,Pfizer BioNTech - Comirnaty",2020-12-23,5,0,0
Seychelles,SYC,AFRO,REPORTING,2023-03-19,224020,88498,227.785,89.985,83494,84.897,"Beijing CNBG - BBIBP-CorV,Gamaleya - Gam-Covid-Vac,Julphar - Hayat-Vax,SII - Covishield",2021-01-10,4,44936,45.691
Sierra Leone,SLE,AFRO,REPORTING,2023-03-19,7401004,4953816,92.779,62.101,4129751,51.771,"Beijing CNBG - BBIBP-CorV,SII - Covishield",2021-03-15,2,647739,8.12
Singapore,SGP,WPRO,REPORTING,2023-02-21,14901574,5159100,254.713,88.185,5120644,87.527,"AstraZeneca - Vaxzevria,Beijing CNBG - BBIBP-CorV,Moderna - Spikevax,Pfizer BioNTech - Comirnaty",2020-12-30,4,4621830,79.001
Sint Eustatius,XBA,AMRO,REPORTING,2023-03-10,4318,1791,137.56,57.056,1686,53.711,,,,767,24.435
Sint Maarten,SXM,AMRO,REPORTING,2023-03-10,67068,29788,156.401,69.465,26749,62.378,"AstraZeneca - Vaxzevria,Moderna - Spikevax,Pfizer BioNTech - Comirnaty",2021-02-22,3,9131,21.293
Slovakia,SVK,EURO,REPORTING,2023-03-12,7219911,2839224,132.3,52.021,2790964,51.136,"AstraZeneca - Vaxzevria,Gamaleya - Gam-Covid-Vac,Janssen - Ad26.COV 2-S,Moderna - Spikevax,Novavax-NUVAXOVID,Pfizer BioNTech - Comirnaty,Unknown Vaccine",2020-12-23,7,1686002,30.891
Slovenia,SVN,EURO,REPORTING,2023-03-19,3016318,1225838,143.9,58.489,1195478,57.04,"AstraZeneca - Vaxzevria,Janssen - Ad26.COV 2-S,Moderna - Spikevax,Novavax-NUVAXOVID,Pfizer BioNTech - Comirnaty,Unknown Vaccine",2020-12-23,6,652386,31.127
Solomon Islands,SLB,WPRO,REPORTING,2023-01-30,766518,328182,111.594,47.778,237917,34.637,"AstraZeneca - Vaxzevria,Beijing CNBG - BBIBP-CorV,Pfizer BioNTech - Comirnaty,SII - Covishield",2021-03-23,4,23623,3.439
Somalia,SOM,EMRO,REPORTING,2023-01-02,8726329,7729842,54.906,48.636,6529808,41.085,"AstraZeneca - Vaxzevria,Beijing CNBG - BBIBP-CorV,Bharat - Covaxin,CanSino - Convidecia,Gamaleya - Gam-Covid-Vac,Gamaleya - Sputnik-Light,Janssen - Ad26.COV 2-S,Moderna - Spikevax,Pfizer BioNTech - Comirnaty,SII - Covishield,Sinovac - CoronaVac",2021-03-16,11,,
South Africa,ZAF,AFRO,REPORTING,2023-03-19,38645389,24165157,65.16,40.745,21038797,35.473,"Janssen - Ad26.COV 2-S,Pfizer BioNTech - Comirnaty",2021-02-17,2,4306786,7.262
South Sudan,SSD,AFRO,REPORTING,2023-03-12,3204237,3153947,28.625,28.176,3111968,27.801,"Janssen - Ad26.COV 2-S,SII - Covishield",2021-04-06,2,,
Spain,ESP,EURO,REPORTING,2023-03-19,112662655,41322464,238,87.302,37478736,79.182,"AstraZeneca - Vaxzevria,Janssen - Ad26.COV 2-S,Moderna - Spikevax,Pfizer BioNTech - Comirnaty",2020-12-30,4,26536109,56.063
Sri Lanka,LKA,SEARO,REPORTING,2022-10-30,40116590,17143761,187.345,80.061,14752827,68.896,"AstraZeneca - Vaxzevria,Beijing CNBG - BBIBP-CorV,Gamaleya - Gam-Covid-Vac,Moderna - Spikevax,Pfizer BioNTech - Comirnaty,SII - Covishield",2021-01-29,6,8220002,38.387
Sudan,SDN,EMRO,REPORTING,2023-03-05,18495743,12628561,42.18,28.8,10576238,24.12,"AstraZeneca - Vaxzevria,Beijing CNBG - BBIBP-CorV,Bharat - Covaxin,CanSino - Convidecia,Gamaleya - Gam-Covid-Vac,Gamaleya - Sputnik-Light,Janssen - Ad26.COV 2-S,Moderna - Spikevax,Pfizer BioNTech - Comirnaty,SII - Covishield,Sinovac - CoronaVac",2021-03-09,11,2765574,6.307
Suriname,SUR,AMRO,REPORTING,2023-03-10,554588,267820,94.538,45.654,237879,40.55,"AstraZeneca - Vaxzevria,Beijing CNBG - BBIBP-CorV,Moderna - Spikevax,Pfizer BioNTech - Comirnaty,SII - Covishield",2021-02-23,5,48889,8.334
Sweden,SWE,EURO,REPORTING,2023-03-19,23206123,7469535,224.7,72.326,7331795,70.992,"AstraZeneca - Vaxzevria,Moderna - Spikevax,Novavax-NUVAXOVID,Pfizer BioNTech - Comirnaty,Unknown Vaccine",2020-12-23,5,5537654,53.62
Switzerland,CHE,EURO,REPORTING,2023-03-19,16748885,6096140,193.5,70.836,5722264,66.491,"Janssen - Ad26.COV 2-S,Moderna - Spikevax,Moderna – Spikevax Bivalent Original/Omicron BA.1,Novavax-NUVAXOVID,Pfizer BioNTech - Comirnaty,Pfizer BioNTech - Comirnaty Bivalent Original/Omicron BA.1",2020-12-23,6,4990709,57.991
Syrian Arab Republic,SYR,EMRO,REPORTING,2023-01-16,4971203,3209797,28.406,18.341,2257085,12.897,"AstraZeneca - Vaxzevria,Beijing CNBG - BBIBP-CorV,Bharat - Covaxin,CanSino - Convidecia,Gamaleya - Gam-Covid-Vac,Gamaleya - Sputnik-Light,Janssen - Ad26.COV 2-S,Moderna - Spikevax,Pfizer BioNTech - Comirnaty,SII - Covishield,Sinovac - CoronaVac",2021-04-01,11,75881,0.434
Tajikistan,TJK,EURO,REPORTING,2022-12-04,18871161,5311967,197.9,55.695,5170582,54.212,"AstraZeneca - Vaxzevria,Gamaleya - Gam-Covid-Vac,Moderna - Spikevax,Pfizer BioNTech - Comirnaty,SII - Covishield,Sinovac - CoronaVac",2021-03-24,6,5200841,54.53
Thailand,THA,SEARO,REPORTING,2023-03-10,139091177,57610698,199.271,82.537,54140475,77.565,"AstraZeneca - Vaxzevria,Beijing CNBG - BBIBP-CorV,Janssen - Ad26.COV 2-S,Moderna - Spikevax,Pfizer BioNTech - Comirnaty,SII - Covishield,SII - Covovax,Sinovac - CoronaVac",2021-02-28,8,27340004,39.169
The United Kingdom,GBR,EURO,REPORTING,2022-09-11,151248820,53813491,222.8,79.068,50762968,74.586,"AstraZeneca - Vaxzevria,Moderna - Spikevax,Pfizer BioNTech - Comirnaty",2020-12-21,3,,
Timor-Leste,TLS,SEARO,REPORTING,2023-03-20,2013410,883178,152.711,66.986,798429,60.558,"AstraZeneca - Vaxzevria,Pfizer BioNTech - Comirnaty,SII - Covishield,Sinovac - CoronaVac",2021-04-07,4,331803,25.166
Togo,TGO,AFRO,REPORTING,2023-03-19,3399716,2244456,41.066,27.111,1554066,18.772,SII - Covishield,2021-03-10,1,427804,5.168
Tokelau,TKL,WPRO,REPORTING,2022-11-23,6342,2203,469.778,163.185,2203,163.185,Pfizer BioNTech - Comirnaty,2021-07-20,1,968,71.704
Tonga,TON,WPRO,REPORTING,2023-01-31,203806,87278,192.825,82.575,77014,72.864,"AstraZeneca - Vaxzevria,Pfizer BioNTech - Comirnaty",2021-04-14,2,38406,36.337
Trinidad and Tobago,TTO,AMRO,REPORTING,2023-03-10,1588979,754399,113.54,53.905,718629,51.349,"AstraZeneca - Vaxzevria,Beijing CNBG - BBIBP-CorV,Janssen - Ad26.COV 2-S,Pfizer BioNTech - Comirnaty,SII - Covishield",2021-02-17,5,174515,12.47
Tunisia,TUN,EMRO,REPORTING,2023-03-21,13245437,7218116,112.073,61.074,6399036,54.144,"AstraZeneca - Vaxzevria,Beijing CNBG - BBIBP-CorV,Bharat - Covaxin,CanSino - Convidecia,Gamaleya - Gam-Covid-Vac,Gamaleya - Sputnik-Light,Janssen - Ad26.COV 2-S,Moderna - Spikevax,Pfizer BioNTech - Comirnaty,Sinovac - CoronaVac",2021-03-13,10,1256124,10.628
Turkey,TUR,EURO,REPORTING,2023-01-29,139694693,50974980,,61.919,50670345,60.935,"Pfizer BioNTech - Comirnaty, Sinovac - CoronaVac, Turkovac",,3,27896331,33.547
Turkmenistan,TKM,EURO,REPORTING,2023-02-05,13040514,3359468,216.2,55.702,3358426,55.684,"Anhui ZL - Zifivax,AstraZeneca - Vaxzevria,Beijing CNBG - BBIBP-CorV,Gamaleya - Gam-Covid-Vac,RIBSP - QazVac,SRCVB - EpiVacCorona,Unknown Vaccine",2021-02-24,7,3171535,52.586
Turks and Caicos Islands,TCA,AMRO,REPORTING,2023-03-10,73907,32815,190.885,84.754,30710,79.317,Pfizer BioNTech - Comirnaty,2021-01-11,1,7443,19.224
Tuvalu,TUV,WPRO,REPORTING,2022-08-31,25591,9603,217.02,81.437,9322,79.054,AstraZeneca - Vaxzevria,2021-04-13,1,5528,46.879
Uganda,UGA,AFRO,REPORTING,2023-01-29,26299538,19488104,57.497,42.605,13023635,28.473,"Janssen - Ad26.COV 2-S,Moderna - Spikevax,Pfizer BioNTech - Comirnaty,SII - Covishield,Sinovac - CoronaVac",2021-03-10,5,542628,1.186
Ukraine,UKR,EURO,REPORTING,2022-02-27,31668577,15774300,72.4,36.069,15153577,34.65,"AstraZeneca - Vaxzevria,Janssen - Ad26.COV 2-S,Moderna - Spikevax,Pfizer BioNTech - Comirnaty,SII - Covishield,Sinovac - CoronaVac",2021-02-24,6,741197,1.695
United Arab Emirates,ARE,EMRO,REPORTING,2022-07-06,24922054,9991089,251.982,101.018,9792266,99.008,"AstraZeneca - Vaxzevria,Beijing CNBG - BBIBP-CorV,Bharat - Covaxin,CanSino - Convidecia,Gamaleya - Gam-Covid-Vac,Gamaleya - Sputnik-Light,Janssen - Ad26.COV 2-S,Moderna - Spikevax,Pfizer BioNTech - Comirnaty,SII - Covishield,Sinovac - CoronaVac",,11,5138699,51.956
United Republic of Tanzania,TZA,AFRO,REPORTING,2023-03-12,39392419,34434933,65.946,57.647,32165791,53.848,"Beijing CNBG - BBIBP-CorV,Janssen - Ad26.COV 2-S,Pfizer BioNTech - Comirnaty",2021-07-28,3,,
United States of America,USA,AMRO,REPORTING,2023-03-10,664718300,266747359,200.82,80.588,227456203,68.717,"Janssen - Ad26.COV 2-S,Moderna - Spikevax,Novavax-NUVAXOVID,Pfizer BioNTech - Comirnaty",2020-12-14,4,115817663,34.99
Uruguay,URY,AMRO,REPORTING,2023-03-10,8948790,3006701,257.613,86.555,2899223,83.461,"AstraZeneca - Vaxzevria,Pfizer BioNTech - Comirnaty,Sinovac - CoronaVac",2021-02-27,3,2075485,59.748
Uzbekistan,UZB,EURO,REPORTING,2023-03-05,75503399,21684856,225.6,64.79,18144247,54.212,"Anhui ZL - Zifivax,Gamaleya - Gam-Covid-Vac,Gamaleya - Sputnik-Light,Moderna - Spikevax,Pfizer BioNTech - Comirnaty,SII - Covishield,Sinovac - CoronaVac,Unknown Vaccine",2021-04-28,8,15395739,46
Vanuatu,VUT,WPRO,REPORTING,2022-08-28,292146,144290,95.117,46.978,131300,42.749,"AstraZeneca - Vaxzevria,Beijing CNBG - BBIBP-CorV,Janssen - Ad26.COV 2-S",2021-06-02,3,16556,5.39
Venezuela (Bolivarian Republic of),VEN,AMRO,REPORTING,2023-03-10,37860994,22157232,133.145,77.92,14287370,50.244,"Beijing CNBG - BBIBP-CorV,CIGB - CIGB-66,Finlay - Soberana-02,Gamaleya - Gam-Covid-Vac,Gamaleya - Sputnik-Light,Sinovac - CoronaVac",2021-02-22,6,651502,2.291
Viet Nam,VNM,WPRO,REPORTING,2023-03-09,266477589,90497674,273.764,92.972,86002617,88.354,"AstraZeneca - Vaxzevria,Beijing CNBG - BBIBP-CorV,CIGB - CIGB-66,Gamaleya - Gam-Covid-Vac,Moderna - Spikevax,Pfizer BioNTech - Comirnaty",2021-03-08,6,57801048,59.381
Wallis and Futuna,WLF,WPRO,REPORTING,2022-07-26,16782,6592,149.226,58.616,6989,62.147,Moderna - Spikevax,2021-03-19,1,3201,28.463
Yemen,YEM,EMRO,REPORTING,2023-03-19,1258021,1018387,4.218,3.414,773549,2.594,"AstraZeneca - Vaxzevria,Beijing CNBG - BBIBP-CorV,Bharat - Covaxin,CanSino - Convidecia,Gamaleya - Gam-Covid-Vac,Gamaleya - Sputnik-Light,Janssen - Ad26.COV 2-S,Moderna - Spikevax,Pfizer BioNTech - Comirnaty,SII - Covishield,Sinovac - CoronaVac",2021-04-20,11,61800,0.207
Zambia,ZMB,AFRO,REPORTING,2023-03-05,13614983,11158619,74.059,60.698,8783492,47.778,"Beijing CNBG - BBIBP-CorV,Janssen - Ad26.COV 2-S,SII - Covishield",2021-04-14,3,1064759,5.792
Zimbabwe,ZWE,AFRO,REPORTING,2023-03-19,13649717,6885166,91.837,46.324,5104907,34.347,"Beijing CNBG - BBIBP-CorV,Bharat - Covaxin,Gamaleya - Gam-Covid-Vac,Sinovac - CoronaVac",2021-02-18,4,1659644,11.166
